X,Y,fid,Tipo,Facilidad,Longitude,Latitude,icon_url
-67.021577,18.472883,1,CENTROS DE DIAGNÓSTICO Y TRATAMIENTO (CDT),CDT Policlínica del Atlántico,18.472882999999999,-67.021576999999994,./0.png
-67.25192,18.33845,2,CDT/CENTROS DE SALUD PRIMARIA,"Costa Salud Community Health Center Rincón, Inc.",18.338450000000002,-67.251919999999998,./0.png
-67.184108,18.380618,3,CENTROS DE SALUD PRIMARIA,Costa Salud Community Health Center - Aguada,18.380617999999998,-67.184107999999995,./0.png
-67.1752,18.3863,4,CENTROS DE DIAGNÓSTICO Y TRATAMIENTO (CDT),Aguada Medical Center,18.386299999999999,-67.175200000000004,./0.png
-67.1672,18.2473,5,CENTROS DE DIÁLISIS,FMC Mayagüez North,18.247299999999999,-67.167199999999994,./0.png
-67.152486,18.18058,6,HOSPITALES,Mayagüez Medical Center,18.180579999999999,-67.152485999999996,./0.png
-67.15172,18.412,7,CENTROS DE DIAGNÓSTICO Y TRATAMIENTO (CDT),Aguadilla Medical Services,18.411999999999999,-67.151719999999997,./0.png
-67.1509,18.442576,8,CENTROS DE DIÁLISIS,The Renal Centre of Aguadilla,18.442575999999999,-67.150899999999993,./0.png
-67.150885,18.44281,9,HOSPITALES,Hospital Buen Samaritano,18.442810000000001,-67.150885000000002,./0.png
-67.150738,18.448777,10,CENTROS DE SALUD PRIMARIA,"CSM Hatillo - Aguadilla, IPA 19",18.448777000000000,-67.150738000000004,./0.png
-67.149425,18.44834,11,CENTROS DE DIAGNÓSTICO Y TRATAMIENTO (CDT),Metro Pavía Clinic Aguadilla,18.448340000000002,-67.149424999999994,./0.png
-67.1488,18.184147,12,CENTROS DE DIÁLISIS,The Renal Centre of Mayagüez,18.184146999999999,-67.148799999999994,./0.png
-67.146902,18.203681,13,CENTROS DE SALUD PRIMARIA,Migrant Health Center - AMA Mayagüez,18.203681000000000,-67.146901999999997,./0.png
-67.14659,18.20322,14,CENTROS DE DIAGNÓSTICO Y TRATAMIENTO (CDT),Clínica Yagüez,18.203220000000002,-67.146590000000003,./0.png
-67.1461,18.1735,15,CENTROS DE DIÁLISIS,FMC Mayagüez Dialysis Center,18.173500000000001,-67.146100000000004,./0.png
-67.145636,18.08166,16,HOSPITALES,Hospital Metropolitano Psiquiátrico de Cabo Rojo,18.081659999999999,-67.145635999999996,./0.png
-67.145636,18.08166,17,CENTROS DE DIAGNÓSTICO Y TRATAMIENTO (CDT),CDT Metropolitano de Cabo Rojo,18.081659999999999,-67.145635999999996,./0.png
-67.143,18.296,18,CENTROS DE DIAGNÓSTICO Y TRATAMIENTO (CDT),CDT Añasco,18.295999999999999,-67.143000000000001,./0.png
-67.14227,18.21017,19,CENTROS DE DIAGNÓSTICO Y TRATAMIENTO (CDT),UPR Recinto Universitario de Mayagüez,18.210170000000002,-67.142269999999996,./0.png
-67.140973,18.20343,20,HOSPITALES,Hospital San Antonio,18.203430000000001,-67.140973000000002,./0.png
-67.1402,18.4486,21,CENTROS DE DIÁLISIS,FMC Aguadilla Dialysis Center,18.448599999999999,-67.140199999999993,./0.png
-67.140069,18.20271,22,HOSPITALES,Hospital Perea Mayagüez,18.202710000000000,-67.140068999999997,./0.png
-67.13602,18.20057,23,CENTROS DE DIAGNÓSTICO Y TRATAMIENTO (CDT),CDT Asociación de Maestros de Puerto Rico,18.200569999999999,-67.136020000000002,./0.png
-67.123117,18.187696,24,CENTROS DE SALUD PRIMARIA,Migrant Health Center - La Salud - Mayagüez,18.187695999999999,-67.123116999999993,./0.png
-67.119083,18.18684,25,HOSPITALES,Hospital Bella Vista,18.186840000000000,-67.119083000000003,./0.png
-67.10958,18.39014,26,HOSPITALES,Hospital San Carlos Borromeo,18.390139999999999,-67.109579999999994,./0.png
-67.092463,18.451591,27,CENTROS DE DIAGNÓSTICO Y TRATAMIENTO (CDT),Ramey Medical Group CSP Aguadilla,18.451591000000001,-67.092462999999995,./0.png
-67.059536,18.046493,28,CENTROS DE SALUD PRIMARIA,Migrant Health Center - Lajas,18.046493000000002,-67.059535999999994,./0.png
-67.05561,18.03912,29,CENTROS DE DIAGNÓSTICO Y TRATAMIENTO (CDT),Servicios Médicos del Valle de Lajas (Centro de Salud Familiar),18.039120000000000,-67.055610000000001,./0.png
-67.039895,18.0824,30,HOSPITALES,Hospital Metropolitano de San Germán,18.082400000000000,-67.039895000000001,./0.png
-67.038289,18.09895,31,HOSPITALES,Hospital de la Concepción,18.098949999999999,-67.038289000000006,./0.png
-67.038,18.099,32,CENTROS DE DIÁLISIS,FMC San German Dialysis Center,18.099000000000000,-67.037999999999997,./0.png
-67.02581,18.4892,33,CENTROS DE DIAGNÓSTICO Y TRATAMIENTO (CDT),Centro Isabelino de Medicina Avanzada,18.489200000000000,-67.025810000000007,./0.png
-67.025454,18.49488,34,CENTROS DE SALUD PRIMARIA,Migrant Health Center - Isabela,18.494879999999998,-67.025453999999996,./0.png
-66.99619,18.33993,35,CENTROS DE DIAGNÓSTICO Y TRATAMIENTO (CDT),CDT Pepino Health Group,18.339929999999999,-66.996189999999999,./0.png
-66.996,18.3401,36,CENTROS DE DIÁLISIS,Atlantis San Sebastián Dialysis Center,18.340100000000000,-66.995999999999995,./0.png
-66.99475,18.33562,37,CENTROS DE DIAGNÓSTICO Y TRATAMIENTO (CDT),Family Health Group San Sebastián (Sala de Emergencia/Urgencia),18.335619999999999,-66.994749999999996,./0.png
-66.99418,18.33725,38,CENTROS DE DIAGNÓSTICO Y TRATAMIENTO (CDT),Centro de Diagnóstico y Tratamiento de San Sebastián,18.337250000000001,-66.994180000000000,./0.png
-66.992151,18.250489,39,CENTROS DE SALUD PRIMARIA,Migrant Health Center - Las Marías,18.250489000000002,-66.992151000000007,./0.png
-66.98595,18.25847,40,CENTROS DE DIAGNÓSTICO Y TRATAMIENTO (CDT),CDT Las Marías,18.258469999999999,-66.985950000000003,./0.png
-66.98135,18.18331,41,CENTROS DE DIAGNÓSTICO Y TRATAMIENTO (CDT),CDT Maricao Medical Center,18.183309999999999,-66.981350000000006,./0.png
-66.980804,18.18431,42,CENTROS DE SALUD PRIMARIA,Migrant Health Center - Maricao,18.184310000000000,-66.980804000000006,./0.png
-66.97981,18.08073,43,CENTROS DE DIAGNÓSTICO Y TRATAMIENTO (CDT),Centro de Salud Familiar Bernice Guerra,18.080729999999999,-66.979810000000001,./0.png
-66.949358,18.352398,44,CENTROS DE SALUD PRIMARIA,Migrant Health Center - San Sebastián,18.352398000000001,-66.949358000000004,./0.png
-66.945161,17.965473,45,CENTROS DE SALUD PRIMARIA,Migrant Health Center - Guánica,17.965472999999999,-66.945160999999999,./0.png
-66.9383,18.4791,46,CENTROS DE DIAGNÓSTICO Y TRATAMIENTO (CDT),CDT Policlínica Shalom,18.479099999999999,-66.938299999999998,./0.png
-66.932207,18.464301,47,CENTROS DE SALUD PRIMARIA,CISS Lares - Quebradillas,18.464300999999999,-66.932207000000005,./0.png
-66.91134,17.97345,48,CENTROS DE DIAGNÓSTICO Y TRATAMIENTO (CDT),Centro de Servicios de Salud Juan Santiago de Guánica,17.973450000000000,-66.911339999999996,./0.png
-66.902,18.459,49,CENTROS DE DIAGNÓSTICO Y TRATAMIENTO (CDT),Quebradillas Medical Center,18.459000000000000,-66.902000000000001,./0.png
-66.8856,18.2906,50,CENTROS DE DIAGNÓSTICO Y TRATAMIENTO (CDT),Centro Integrados de Servicios de Salud,18.290600000000001,-66.885599999999997,./0.png
-66.88148,18.29692,51,CENTROS DE DIAGNÓSTICO Y TRATAMIENTO (CDT),Lares Medical Center,18.296920000000000,-66.881479999999996,./0.png
-66.878,18.308,52,CENTROS DE DIÁLISIS,Renal Centre of Lares,18.308000000000000,-66.878000000000000,./0.png
-66.859357,18.030863,53,CENTROS DE SALUD PRIMARIA,Migrant Health Center - Yauco,18.030863000000000,-66.859357000000003,./0.png
-66.857597,18.0313,54,HOSPITALES,Hospital Pavía Yauco,18.031300000000002,-66.857596999999998,./0.png
-66.857,18.03,55,CENTROS DE DIÁLISIS,FMC Yauco Dialysis Center,18.030000000000001,-66.856999999999999,./0.png
-66.8429,18.4841,56,CDT/CENTROS DE SALUD PRIMARIA,Camuy Health Services,18.484100000000002,-66.842900000000000,./0.png
-66.835251,18.18194,57,CENTROS DE SALUD PRIMARIA,"HG Castañer, Inc. - Castañer Lares",18.181940000000001,-66.835251000000000,./0.png
-66.833182,18.18101,58,HOSPITALES,Hospital Castañer,18.181010000000001,-66.833181999999994,./0.png
-66.825561816839,18.4873285368729,59,CENTROS DE SALUD PRIMARIA,CSM Hatillo - IPA 19,18.948399999999999,-66.801737000000003,./0.png
-66.79207,18.0166,60,CENTROS DE DIAGNÓSTICO Y TRATAMIENTO (CDT),CDT Guayanilla (Isaías Rodríguez López),18.016600000000000,-66.792069999999995,./0.png
-66.782046,18.298546,61,CENTROS DE SALUD PRIMARIA,"CSM Hatillo - Utuado, IPA 19",18.298546000000002,-66.782045999999994,./0.png
-66.75554,18.47771,62,CENTROS DE DIAGNÓSTICO Y TRATAMIENTO (CDT),CDT Doctors Center de Arecibo,18.477709999999998,-66.755539999999996,./0.png
-66.74644,18.45683,63,CENTROS DE DIAGNÓSTICO Y TRATAMIENTO (CDT),Metro Pavía Clinic,18.456830000000000,-66.746440000000007,./0.png
-66.7448,18.474,64,CENTROS DE DIÁLISIS,FMC Arecibo Dialysis Center,18.474000000000000,-66.744799999999998,./0.png
-66.74039,18.46576,65,CENTROS DE DIAGNÓSTICO Y TRATAMIENTO (CDT),CDT Villa Los Santos,18.465760000000000,-66.740390000000005,./0.png
-66.731141,18.46705,66,HOSPITALES,Hospital Pavía Arecibo,18.467050000000000,-66.731140999999994,./0.png
-66.731,18.467,67,CENTROS DE DIÁLISIS,FMC Arecibo Norte Dialysis Center,18.466999999999999,-66.730999999999995,./0.png
-66.723637,18.463762,68,CENTROS DE DIAGNÓSTICO Y TRATAMIENTO (CDT),CDT Dr. José Marrero Nieves (Cierre temporero),18.463761999999999,-66.723636999999997,./0.png
-66.721832,18.162974,69,CENTROS DE SALUD PRIMARIA,"HG Castañer, Inc. – Policlínica Adjuntas",18.162973999999998,-66.721832000000006,./0.png
-66.721433,18.05422,70,CDT/CENTROS DE SALUD PRIMARIA,Med Centro - Peñuelas,18.054220000000001,-66.721433000000005,./0.png
-66.721,18.163,71,SALA DE EMERGENCIA/URGENCIA,Centro de Salud Familiar – Sala de Emergencia/Urgencia,18.163000000000000,-66.721000000000004,./0.png
-66.719433,18.473166,72,CENTROS DE SALUD PRIMARIA,"CSM Arecibo, IPA 19",18.473165999999999,-66.719432999999995,./0.png
-66.716915,18.47329,73,HOSPITALES,Hospital Metropolitano Dr. Susoni,18.473289999999999,-66.716915000000000,./0.png
-66.701687,18.26766,74,HOSPITALES,Hospital Metropolitano de la Montaña Utuado,18.267659999999999,-66.701687000000007,./0.png
-66.661566,17.982335,75,CENTROS DE DIAGNÓSTICO Y TRATAMIENTO (CDT),Centro de Emergencia y Medicina Integrada San Lucas,17.982334999999999,-66.661565999999993,./0.png
-66.657576,18.029578,76,CENTROS DE SALUD PRIMARIA,Med Centro - El Tuque,18.029578000000001,-66.657576000000006,./0.png
-66.6461,17.9916,77,CENTROS DE DIÁLISIS,FMC West Ponce Dialicentro,17.991599999999998,-66.646100000000004,./0.png
-66.6383,18.025539,78,CENTROS DE DIAGNÓSTICO Y TRATAMIENTO (CDT),Canas Medical Center,18.025538999999998,-66.638300000000001,./0.png
-66.6352,18.44243,79,CENTROS DE DIAGNÓSTICO Y TRATAMIENTO (CDT),CDT Policlínica Familiar Factor,18.442430000000002,-66.635199999999998,./0.png
-66.620755,18.024875,80,CENTROS DE SALUD PRIMARIA,Med Centro - La Cantera,18.024875000000002,-66.620755000000003,./0.png
-66.617774,17.99684,81,HOSPITALES,Hospital Damas,17.996839999999999,-66.617773999999997,./0.png
-66.6169,17.997,82,CENTROS DE DIÁLISIS,FMC Ponce Dialysis Center,17.997000000000000,-66.616900000000001,./0.png
-66.615781,17.99197,83,CENTROS DE SALUD PRIMARIA,Med Centro - Clínica Escolar Ponce,17.991969999999998,-66.615780999999998,./0.png
-66.61561,17.99183,84,CDT/CENTROS DE SALUD PRIMARIA,Med Centro/Consejo de Salud de PR (Ponce Playa),17.991830000000000,-66.615610000000004,./0.png
-66.613402,18.006809,85,CENTROS DE DIAGNÓSTICO Y TRATAMIENTO (CDT),Metro Pavía Clinic - Ponce,18.006809000000001,-66.613401999999994,./0.png
-66.6126,18.0046,86,CENTROS DE DIÁLISIS,FMC Ponce Centro,18.004600000000000,-66.612600000000000,./0.png
-66.610659,18.00368,87,HOSPITALES,Hospital Metropolitano Dr. Manuel de la Pila Iglesias,18.003679999999999,-66.610658999999998,./0.png
-66.5961,18.0298,88,CENTROS DE DIÁLISIS,The Renal Centre of Ponce,18.029800000000002,-66.596100000000007,./0.png
-66.59525,18.21906,89,CENTROS DE DIAGNÓSTICO Y TRATAMIENTO (CDT),CDT Dr. Mario Canales Torresola,18.219059999999999,-66.595249999999993,./0.png
-66.594748,18.0312,90,HOSPITALES,Hospital Episcopal San Lucas II,18.031199999999998,-66.594747999999996,./0.png
-66.59456,18.218392,91,CENTROS DE SALUD PRIMARIA,"HG Castañer, Inc. - Policlínica Jayuya",18.218392000000001,-66.594560000000001,./0.png
-66.594542,18.03439,92,HOSPITALES,Hospital Psiquiatría Forense de Ponce,18.034389999999998,-66.594542000000004,./0.png
-66.57055,18.36449,93,CDT/CENTROS DE SALUD PRIMARIA,"Centro de Servicios Primarios de Salud, Inc.",18.364490000000000,-66.570549999999997,./0.png
-66.56503,18.36317,94,CENTROS DE DIAGNÓSTICO Y TRATAMIENTO (CDT),Policlínica Familiar de Florida,18.363170000000000,-66.565029999999993,./0.png
-66.564,18.4301,95,CDT/CENTROS DE SALUD PRIMARIA,"Atlantic Medical Center, Inc.",18.430099999999999,-66.563999999999993,./0.png
-66.553062,18.483823,96,CENTROS DE SALUD PRIMARIA,"Atlantic Medical Center, Inc. - Sabana Hoyos",18.483823000000001,-66.553061999999997,./0.png
-66.547407,18.03968,97,HOSPITALES,Hospital San Cristobal,18.039680000000001,-66.547407000000007,./0.png
-66.505445,18.044621,98,CENTROS DE SALUD PRIMARIA,MedCentro - Juana Díaz,18.044620999999999,-66.505444999999995,./0.png
-66.50507,18.04784,99,CENTROS DE DIAGNÓSTICO Y TRATAMIENTO (CDT),Centro San Cristobal - Juana Díaz,18.047840000000001,-66.505070000000003,./0.png
-66.5043,18.0434,100,CENTROS DE DIÁLISIS,FMC Juana Díaz,18.043399999999998,-66.504300000000001,./0.png
-66.5008,18.4422,101,CENTROS DE DIAGNÓSTICO Y TRATAMIENTO (CDT),CDT Policlínica Dr. Meléndez,18.442200000000000,-66.500799999999998,./0.png
-66.4956,18.42897,102,CENTROS DE DIAGNÓSTICO Y TRATAMIENTO (CDT),"CDT Dr. César R. Rosa Febles, Manatí",18.428970000000000,-66.495599999999996,./0.png
-66.49205,18.12873,103,CENTROS DE DIAGNÓSTICO Y TRATAMIENTO (CDT),Centro San Cristobal - Villalba,18.128730000000001,-66.492050000000006,./0.png
-66.491187,18.127127,104,CENTROS DE SALUD PRIMARIA,MedCentro - Villalba,18.127127000000002,-66.491186999999996,./0.png
-66.48254,18.43465,105,HOSPITALES,Manatí Medical Center,18.434650000000001,-66.482540000000000,./0.png
-66.474342,18.43446,106,HOSPITALES,Encompass Health Rehabilitation Hospital of Manatí,18.434460000000001,-66.474341999999993,./0.png
-66.473968,18.43368,107,HOSPITALES,"Hospital Doctors Center, Manatí",18.433679999999999,-66.473967999999999,./0.png
-66.4739,18.433675,108,CENTROS DE DIÁLISIS,The Renal Centre of Manatí,18.433675000000001,-66.473900000000000,./0.png
-66.471523,18.332013,109,CENTROS DE DIAGNÓSTICO Y TRATAMIENTO (CDT),"PryMed, Inc. - Ciales",18.332013000000000,-66.471523000000005,./0.png
-66.46896,18.33349,110,CENTROS DE DIAGNÓSTICO Y TRATAMIENTO (CDT),"Clínicas de Cuidado Médico, Inc.",18.333490000000001,-66.468959999999996,./0.png
-66.468917,18.341473,111,CENTROS DE DIAGNÓSTICO Y TRATAMIENTO (CDT),Prymed Medical Care,18.341473000000001,-66.468917000000005,./0.png
-66.409037,18.435403,112,CENTROS DE SALUD PRIMARIA,"PryMed, Inc. - Vega Baja",18.435403000000001,-66.409036999999998,./0.png
-66.40428,18.32595,113,CDT/CENTROS DE SALUD PRIMARIA,"Morovis Community Health Center, Inc.",18.325949999999999,-66.404280000000000,./0.png
-66.4042,17.9723,114,CENTROS DE DIAGNÓSTICO Y TRATAMIENTO (CDT),Centro de Salud Familiar (Santa Isabel Medical Center),17.972300000000001,-66.404200000000003,./0.png
-66.398972,18.44571,115,HOSPITALES,Centro Médico Wilma N. Vázquez,18.445709999999998,-66.398972000000001,./0.png
-66.3964,18.4463,116,CENTROS DE DIÁLISIS,FMC Vega Baja Renal Dialysis Center,18.446300000000001,-66.396400000000000,./0.png
-66.39429,18.22691,117,CDT/CENTROS DE SALUD PRIMARIA,"Salud Integral en la Montaña, Inc. (SIM) – Orocovis",18.226910000000000,-66.394289999999998,./0.png
-66.3828,18.0119,118,CENTROS DE DIAGNÓSTICO Y TRATAMIENTO (CDT),Centro San Cristobal - Santa Isabel,18.011900000000001,-66.382800000000003,./0.png
-66.377026,18.010475,119,CENTROS DE SALUD PRIMARIA,CSPS Patillas - Santa Isabel,18.010475000000000,-66.377026000000001,./0.png
-66.36804,18.07481,120,CENTROS DE DIAGNÓSTICO Y TRATAMIENTO (CDT),Centro de Diagnóstico y Tratamiento Menonita Coamo,18.074809999999999,-66.368039999999993,./0.png
-66.33614,18.42072,121,CENTROS DE DIAGNÓSTICO Y TRATAMIENTO (CDT),Vega Alta Community Health,18.420719999999999,-66.336140000000000,./0.png
-66.3299,18.4151999999999,122,CENTROS DE DIÁLISIS,FMC Vega Alta,18.415199999999999,-66.329899999999995,./0.png
-66.326471,18.413224,123,CENTROS DE DIAGNÓSTICO Y TRATAMIENTO (CDT),Centro de Medicina Primaria de Vega Alta,18.413224000000000,-66.326470999999998,./0.png
-66.316433,18.341077,124,CDT/CENTROS DE SALUD PRIMARIA,"Salud Integral en la Montaña, Inc. (SIM)",18.341076999999999,-66.316433000000004,./0.png
-66.310581,18.341697,125,CENTROS DE DIAGNÓSTICO Y TRATAMIENTO (CDT),CDT Plaza Del Carmen Medical Services,18.341697000000000,-66.310580999999999,./0.png
-66.30325,18.18625,126,CDT/CENTROS DE SALUD PRIMARIA,"Salud Integral en la Montaña, Inc. (SIM)",18.186250000000001,-66.303250000000006,./0.png
-66.29514,17.97434,127,CENTROS DE DIAGNÓSTICO Y TRATAMIENTO (CDT),Sur-Med Medical Center Salinas,17.974340000000002,-66.295140000000004,./0.png
-66.2824,18.4589,128,CENTROS DE DIÁLISIS,The Renal Centre of Dorado,18.458900000000000,-66.282399999999996,./0.png
-66.276039,18.342148,129,CENTROS DE SALUD PRIMARIA,"Salud Integral en la Montaña, Inc. (SIM) - Toa Alta",18.342148000000002,-66.276038999999997,./0.png
-66.26961,18.4630299999999,130,CENTROS DE DIAGNÓSTICO Y TRATAMIENTO (CDT),CDT Dorado Community Health,18.463030000000000,-66.269610000000000,./0.png
-66.26633,18.46074,131,CENTROS DE DIAGNÓSTICO Y TRATAMIENTO (CDT),CDT Dorado Medical Complex,18.460740000000001,-66.266329999999996,./0.png
-66.264845,18.142239,132,CENTROS DE SALUD PRIMARIA,"COSSMA, Inc. - Aibonito",18.142239000000000,-66.264844999999994,./0.png
-66.262531,18.145504,133,CENTROS DE DIÁLISIS,Fresenius Kidney Care Aibonito,18.145503999999999,-66.262530999999996,./0.png
-66.261772,18.14349,134,HOSPITALES,Hospital Menonita General de Aibonito,18.143490000000000,-66.261771999999993,./0.png
-66.2537,18.3011,135,CENTROS DE DIÁLISIS,Fresenius Kidney Care Naranjito,18.301100000000002,-66.253699999999995,./0.png
-66.249605,18.387878,136,CENTROS DE SALUD PRIMARIA,"Salud Integral en la Montaña, Inc. (SIM) - Toa Alta",18.387878000000001,-66.249605000000003,./0.png
-66.248625,18.389978,137,CENTROS DE SALUD PRIMARIA,"Salud Integral en la Montaña, Inc. (SIM) - Toa Alta",18.389977999999999,-66.248625000000004,./0.png
-66.24811,18.38943,138,CENTROS DE DIAGNÓSTICO Y TRATAMIENTO (CDT),CDT Toa Alta,18.389430000000001,-66.248109999999997,./0.png
-66.24336,18.303174,139,CDT/CENTROS DE SALUD PRIMARIA,"Salud Integral en la Montaña, Inc. (SIM) – Naranjito",18.303173999999999,-66.243359999999996,./0.png
-66.227656,17.97482,140,CENTROS DE DIAGNÓSTICO Y TRATAMIENTO (CDT),CDT Sur-Med Coquí,17.974820000000001,-66.227655999999996,./0.png
-66.22592,18.22124,141,CDT/CENTROS DE SALUD PRIMARIA,"Salud Integral en la Montaña, Inc. (SIM)",18.221240000000002,-66.225920000000002,./0.png
-66.22329,18.22307,142,CENTROS DE DIAGNÓSTICO Y TRATAMIENTO (CDT),Centro de Salud Familiar Menonita (Comerío Medical Center),18.223070000000000,-66.223290000000006,./0.png
-66.195304,18.438953,143,CENTROS DE DIAGNÓSTICO Y TRATAMIENTO (CDT),"Metro Pavía Clinic, Toa Baja",18.438953000000001,-66.195303999999993,./0.png
-66.189567,18.353776,144,CDT/CENTROS DE SALUD PRIMARIA,CDT Metro Pavía Clinic Bella Vista,18.353776000000000,-66.189566999999997,./0.png
-66.189466,18.363211,145,CDT/CENTROS DE SALUD PRIMARIA,"Salud Integral en la Montaña, Inc. (SIM) – Bayamón",18.363211000000000,-66.189465999999996,./0.png
-66.181937,18.443817,146,CENTROS DE SALUD PRIMARIA,Morovis CHC - Toa Baja,18.443816999999999,-66.181937000000005,./0.png
-66.17597,18.41181,147,CDT/CENTROS DE SALUD PRIMARIA,"Community Health Foundation Of Puerto Rico, Inc",18.411809999999999,-66.175970000000007,./0.png
-66.172531,18.437485,148,CENTROS DE DIAGNÓSTICO Y TRATAMIENTO (CDT),CDT Centro de Servicios Médicos de Levittown,18.437484999999999,-66.172531000000006,./0.png
-66.16862,18.1104399999999,149,CENTROS DE DIAGNÓSTICO Y TRATAMIENTO (CDT),CDT Centro de Salud Mariano Rivera Ramos,18.110440000000001,-66.168620000000004,./0.png
-66.166351,18.398,150,HOSPITALES,Doctors Center Hospital Bayamón,18.398000000000000,-66.166351000000006,./0.png
-66.165674,18.397444,151,CDT/CENTROS DE SALUD PRIMARIA,New Vision Medical Diagnostics,18.397444000000000,-66.165673999999996,./0.png
-66.1651,18.4404,152,CENTROS DE DIÁLISIS,Atlantis Toa Baja,18.440400000000000,-66.165099999999995,./0.png
-66.163639,18.39683,153,HOSPITALES,"Puerto Rico Women's and Children's Hospital, Inc.",18.396830000000001,-66.163639000000003,./0.png
-66.163049,18.39687,154,HOSPITALES,Bayamón Medical Center,18.396870000000000,-66.163049000000001,./0.png
-66.1599,18.36799,155,CENTROS DE DIÁLISIS,FMC Santa Juanita,18.367989999999999,-66.159899999999993,./0.png
-66.1571,18.396,156,CENTROS DE DIÁLISIS,FMC Bayamón Dialysis Center,18.396000000000001,-66.157100000000000,./0.png
-66.156975,18.11002,157,CENTROS DE DIAGNÓSTICO Y TRATAMIENTO (CDT),Healthcare Ambulatory Services,18.110019999999999,-66.156975000000003,./0.png
-66.15462,18.39722,158,CDT/CENTROS DE SALUD PRIMARIA,VarMed Health Center,18.397220000000001,-66.154619999999994,./0.png
-66.154124,18.36757,159,HOSPITALES,Hospital Universitario Dr. Ramón Ruiz Arnau - Centro de Salud Mental de Niños y Adolescentes,18.367570000000001,-66.154123999999996,./0.png
-66.151545,18.180177,160,CENTROS DE DIAGNÓSTICO Y TRATAMIENTO (CDT),"COSSMA, Inc. - Cidra",18.180177000000000,-66.151544999999999,./0.png
-66.15012,18.39781,161,CDT/CENTROS DE SALUD PRIMARIA,Centro de Servicios Médicos Integrados CDT,18.397810000000000,-66.150120000000001,./0.png
-66.148994,18.396962,162,CDT/CENTROS DE SALUD PRIMARIA,Metro Pavía Clinic Bayamón,18.396961999999998,-66.148994000000002,./0.png
-66.1483,18.123094,163,CENTROS DE DIÁLISIS,FMC Cayey Dialysis Center,18.123093999999998,-66.148300000000006,./0.png
-66.1481,18.4178,164,HOSPITALES,Centro Médico Correccional de Bayamón,18.417800000000000,-66.148099999999999,./0.png
-66.147523,18.39743,165,HOSPITALES,HIMA San Pablo Bayamón,18.397430000000000,-66.147523000000007,./0.png
-66.147362,18.396742,166,CDT/CENTROS DE SALUD PRIMARIA,"CDT Grupo Médico San Pablo, Inc.",18.396742000000000,-66.147362000000001,./0.png
-66.147242,18.12368,167,HOSPITALES,Hospital Centro Médico Menonita de Cayey,18.123680000000000,-66.147242000000006,./0.png
-66.138,18.428,168,CENTROS DE DIAGNÓSTICO Y TRATAMIENTO (CDT),CDT Eulalia Kuilan,18.428000000000001,-66.138000000000005,./0.png
-66.135765,18.17602,169,HOSPITALES,First Hospital Panamericano,18.176020000000001,-66.135765000000006,./0.png
-66.1204,17.975464,170,CENTROS DE DIÁLISIS,FMC Guayama Dialysis Center,17.975463999999999,-66.120400000000004,./0.png
-66.119921,17.968315,171,CENTROS DE DIAGNÓSTICO Y TRATAMIENTO (CDT),Metro Pavía Clinic - Guayama,17.968315000000000,-66.119921000000005,./0.png
-66.114454,17.97355,172,HOSPITALES,Hospital Menonita de Guayama,17.973549999999999,-66.114453999999995,./0.png
-66.11393,18.36134,173,CENTROS DE DIAGNÓSTICO Y TRATAMIENTO (CDT),CDT Guaynabo Medical Mall,18.361339999999998,-66.113929999999996,./0.png
-66.1138,17.9841,174,CENTROS DE DIÁLISIS,The Renal Centre of Guayama,17.984100000000002,-66.113799999999998,./0.png
-66.1135,18.3615,175,CENTROS DE DIÁLISIS,The Renal Centre of Isabela,18.361499999999999,-66.113500000000002,./0.png
-66.1127,18.363284,176,CENTROS DE DIÁLISIS,The Renal Centre of Guaynabo II,18.363284000000000,-66.112700000000004,./0.png
-66.10706,18.25559,177,CENTROS DE DIAGNÓSTICO Y TRATAMIENTO (CDT),"Centro de Salud Familiar, Aguas Buenas, Menonita",18.255590000000002,-66.107060000000004,./0.png
-66.106789,17.973139,178,CENTROS DE SALUD PRIMARIA,"CSF Dr. Julio Palmieri Ferri, Inc. - Guayama",17.973139000000000,-66.106789000000006,./0.png
-66.105991,18.257061,179,CENTROS DE SALUD PRIMARIA,"NeoMed Center, Inc. – Aguas Buenas",18.257061000000000,-66.105991000000003,./0.png
-66.098262,18.3899,180,HOSPITALES,Hospital Metropolitano de San Juan,18.389900000000001,-66.098262000000005,./0.png
-66.09756,18.36234,181,HOSPITALES,Professional Hospital,18.362340000000000,-66.097560000000001,./0.png
-66.09608,18.46438,182,CENTROS DE DIAGNÓSTICO Y TRATAMIENTO (CDT),Dr. Manuel Quevedo Báez (Puerta De Tierra) Health Center,18.464379999999998,-66.096080000000001,./0.png
-66.08238,18.44676,183,CENTROS DE DIAGNÓSTICO Y TRATAMIENTO (CDT),Dr. Gualberto Rabell (Sector Hoare) Health Center,18.446760000000001,-66.082380000000001,./0.png
-66.08042,18.41716,184,CENTROS DE DIAGNÓSTICO Y TRATAMIENTO (CDT),Dr. José A. López Antongiorgi (Puerto Nuevo) Health Center,18.417159999999999,-66.080420000000004,./0.png
-66.079177,18.3912,185,HOSPITALES,SJ Veterans Administration Medical Center,18.391200000000001,-66.079177000000001,./0.png
-66.076298,18.39079,186,HOSPITALES,Hospital de Psiquiatria Forense Rio Piedras (ASSMCA),18.390789999999999,-66.076297999999994,./0.png
-66.07581,18.39011,187,HOSPITALES,Hospital de Psiquiatría Dr. Ramon Fernández Marina de PR,18.390110000000000,-66.075810000000004,./0.png
-66.07536,18.39685,188,CENTROS DE DIAGNÓSTICO Y TRATAMIENTO (CDT),Servicios Médicos de Río Piedras (UPR Recinto Río Piedras),18.396850000000001,-66.075360000000003,./0.png
-66.074652,18.39504,189,HOSPITALES,Hospital Municipal de San Juan Dr. Rafael López Nussa,18.395040000000002,-66.074652000000000,./0.png
-66.07422,18.39538,190,CENTROS DE DIAGNÓSTICO Y TRATAMIENTO (CDT),Clínica Externas Administración de Servicio Médicos,18.395379999999999,-66.074219999999997,./0.png
-66.0742,18.44773,191,CENTROS DE DIAGNÓSTICO Y TRATAMIENTO (CDT),CDT Programa Sida de San Juan - Manuel Díaz García,18.447730000000000,-66.074200000000005,./0.png
-66.073888,18.39671,192,HOSPITALES,Hospital Universitario de Adultos,18.396709999999999,-66.073887999999997,./0.png
-66.07379,18.39347,193,CENTROS DE DIAGNÓSTICO Y TRATAMIENTO (CDT),Centro Latinoamericano de Enfermedades de Transmisión Sexual,18.393470000000001,-66.073790000000002,./0.png
-66.073716,18.44602,194,HOSPITALES,Doctors Center Hospital San Juan,18.446020000000001,-66.073716000000005,./0.png
-66.073631,18.39587,195,HOSPITALES,Hospital Industrial C.F.S.E,18.395869999999999,-66.073631000000006,./0.png
-66.073579,18.39686,196,HOSPITALES,Encompass Health Rehabilitation Hospital of San Juan,18.396860000000000,-66.073578999999995,./0.png
-66.073514,18.3873,197,HOSPITALES,Centro Compresivo de Cáncer de la UPR,18.387300000000000,-66.073514000000003,./0.png
-66.0735,18.3958,198,CENTROS DE DIÁLISIS,Centro Renal Universitario,18.395800000000001,-66.073499999999996,./0.png
-66.072841,18.39551,199,HOSPITALES,Administración de Servicios Médicos de PR (ASEM) HCAEP,18.395510000000002,-66.072840999999997,./0.png
-66.072629,18.39865,200,HOSPITALES,Centro Cardiovascular de PR y del Caribe Dr. Ramón Suárez Calderón,18.398650000000000,-66.072629000000006,./0.png
-66.072534,18.39634,201,HOSPITALES,Hospital Oncológico Dr. Isaac González Martínez,18.396339999999999,-66.072534000000005,./0.png
-66.072308,18.39722,202,HOSPITALES,Hospital Pediátrico Universitario Dr. Antonio Ortíz,18.397220000000001,-66.072308000000007,./0.png
-66.0723,18.397294,203,CENTROS DE DIÁLISIS,Pediatric Renal Center,18.397293999999999,-66.072299999999998,./0.png
-66.071384,18.298022,204,CENTROS DE SALUD PRIMARIA,"NeoMed Center, Inc. – Bayamoncito",18.298022000000000,-66.071383999999995,./0.png
-66.069561,18.44466,205,HOSPITALES,Hospital Pavia de Santurce,18.444659999999999,-66.069560999999993,./0.png
-66.068595,18.41187,206,HOSPITALES,Hospital del Maestro,18.411870000000000,-66.068595000000002,./0.png
-66.06811,18.41196,207,CENTROS DE DIAGNÓSTICO Y TRATAMIENTO (CDT),CDT Asociación de Maestros de Puerto Rico,18.411960000000001,-66.068110000000004,./0.png
-66.06559,18.45015,208,CENTROS DE DIAGNÓSTICO Y TRATAMIENTO (CDT),San Juan Health Centre (Medical Imaging LLP),18.450150000000001,-66.065590000000000,./0.png
-66.06547,18.45599,209,HOSPITALES,Ashford Presbyterian Community Hospital Inc.,18.455990000000000,-66.065470000000005,./0.png
-66.06533,18.40678,210,CENTROS DE DIAGNÓSTICO Y TRATAMIENTO (CDT),CDT Caribbean Medical Testing Center,18.406780000000001,-66.065330000000003,./0.png
-66.0634,18.387216,211,CENTROS DE DIÁLISIS,FMC Rio Piedras Dialysis Center,18.387215999999999,-66.063400000000001,./0.png
-66.063093,18.44694,212,HOSPITALES,San Jorge Children & Women's Hospital,18.446940000000001,-66.063092999999995,./0.png
-66.060238,17.968538,213,CDT/CENTROS DE SALUD PRIMARIA,"Centro de Salud Familiar Dr. Julio Palmeri Ferri, Inc.",17.968537999999999,-66.060237999999998,./0.png
-66.05831,18.41977,214,CENTROS DE DIAGNÓSTICO Y TRATAMIENTO (CDT),Centro de Planificación Familiar Celestina Zalduondo,18.419770000000000,-66.058310000000006,./0.png
-66.05723,18.41826,215,CENTROS DE DIAGNÓSTICO Y TRATAMIENTO (CDT),Metro Pavía Clinic Hato Rey,18.418260000000000,-66.057230000000004,./0.png
-66.056037,18.41921,216,HOSPITALES,Hospital Pavia de Hato Rey,18.419210000000000,-66.056037000000003,./0.png
-66.051259,18.40881,217,HOSPITALES,Hospital Auxilio Mutuo,18.408809999999999,-66.051259000000002,./0.png
-66.049683,18.22073,218,HOSPITALES,Hospital General Menonita Caguas,18.220730000000000,-66.049683000000002,./0.png
-66.049683,18.22073,219,CENTROS DE DIÁLISIS,Fresenius Kidney Care Ciudad Criolla,18.220730000000000,-66.049683000000002,./0.png
-66.04861,18.43567,220,CENTROS DE DIAGNÓSTICO Y TRATAMIENTO (CDT),Dr. José S. Belaval (Barrio Obrero) Health Center (Centro Más Salud),18.435669999999998,-66.048609999999996,./0.png
-66.04852,18.39597,221,CENTROS DE DIAGNÓSTICO Y TRATAMIENTO (CDT),Dr. Javier J. Antón (Río Piedras) Health Center,18.395969999999998,-66.048519999999996,./0.png
-66.048168,18.438612,222,CENTROS DE SALUD PRIMARIA,HealthproMed - Clínica de Salud Escolar San Juan,18.438611999999999,-66.048168000000004,./0.png
-66.048168,18.438612,223,CENTROS DE SALUD PRIMARIA,HealthproMed - Santurce,18.438611999999999,-66.048168000000004,./0.png
-66.0466,18.419489,224,CENTROS DE DIÁLISIS,FMC San Juan Dialysis Center,18.419488999999999,-66.046599999999998,./0.png
-66.046225,18.37259,225,HOSPITALES,HIMA San Pablo Cupey,18.372589999999999,-66.046225000000007,./0.png
-66.046,18.357,226,CENTROS DE DIÁLISIS,FMC Los Paseos,18.356999999999999,-66.046000000000006,./0.png
-66.04587,18.35718,227,CENTROS DE DIAGNÓSTICO Y TRATAMIENTO (CDT),Metro Pavía Clinic Cupey,18.357180000000000,-66.045869999999994,./0.png
-66.0436,18.2175,228,CENTROS DE DIAGNÓSTICO Y TRATAMIENTO (CDT),Healthcare Ambulatory Services,18.217500000000001,-66.043599999999998,./0.png
-66.04298,18.41916,229,CENTROS DE DIAGNÓSTICO Y TRATAMIENTO (CDT),Dr. Enrique Koppisch (San José) Health Center,18.419160000000002,-66.042980000000000,./0.png
-66.042912,18.218946,230,CENTROS DE DIAGNÓSTICO Y TRATAMIENTO (CDT),CDT Consolidated Medical Clinic (Cierre temporero),18.218945999999999,-66.042912000000001,./0.png
-66.04039,18.44813,231,CENTROS DE DIAGNÓSTICO Y TRATAMIENTO (CDT),Dr. Arnaldo J. García (Luis Llorens Torres) Health Center,18.448129999999999,-66.040390000000002,./0.png
-66.039098,18.39877,232,HOSPITALES,Hospital San Francisco,18.398769999999999,-66.039097999999996,./0.png
-66.036,18.2412,233,CENTROS DE DIÁLISIS,FMC Caguas Dialysis Center,18.241199999999999,-66.036000000000001,./0.png
-66.03513,18.23787,234,CENTROS DE DIAGNÓSTICO Y TRATAMIENTO (CDT),Centro Ambulatorio HIMA San Pablo Caguas,18.237870000000001,-66.035129999999995,./0.png
-66.031946,18.21794,235,HOSPITALES,HIMA San Pablo Caguas,18.217939999999999,-66.031946000000005,./0.png
-66.031636,18.233099,236,CENTROS DE SALUD PRIMARIA,Corporación SANOS - Caguas Centro (Incluye Programas de Personas sin Hogar),18.233098999999999,-66.031636000000006,./0.png
-66.031636,18.233099,237,CENTROS DE SALUD PRIMARIA,Corporación SANOS - Caguas Clínica (Consolidated Mall),18.233098999999999,-66.031636000000006,./0.png
-66.03064,18.23356,238,CENTROS DE DIAGNÓSTICO Y TRATAMIENTO (CDT),CDT Atención Médica Inmediata,18.233560000000001,-66.030640000000005,./0.png
-66.0274,18.2272,239,CENTROS DE DIÁLISIS,Atlantis The Renal Centre,18.227200000000000,-66.027400000000000,./0.png
-66.022715,18.38477,240,HOSPITALES,Hospital San Juan Capestrano,18.384770000000000,-66.022715000000005,./0.png
-66.01479,18.39839,241,CENTROS DE DIAGNÓSTICO Y TRATAMIENTO (CDT),Dr. A. Oliveras Guerra (Sabana Llana) Health Center,18.398389999999999,-66.014790000000005,./0.png
-66.01326,18.00382,242,CENTROS DE DIAGNÓSTICO Y TRATAMIENTO (CDT),"Centro de Servicios Primarios de Salud, Inc.",18.003820000000001,-66.013260000000002,./0.png
-66.009758,18.004325,243,CENTROS DE SALUD PRIMARIA,CSPS Patillas,18.004325000000001,-66.009758000000005,./0.png
-66.00676,18.35425,244,CDT/CENTROS DE SALUD PRIMARIA,"NeoMed Center, Inc. (Trujillo Alto)",18.354250000000000,-66.006760000000000,./0.png
-66.001361,18.226239,245,CENTROS DE DIAGNÓSTICO Y TRATAMIENTO (CDT),CDT Policlínica Navarro – Gurabo,18.226239000000000,-66.001361000000003,./0.png
-65.991008,18.206206,246,CENTROS DE SALUD PRIMARIA,"NeoMed Center, Inc. - San Lorenzo",18.206206000000002,-65.991007999999994,./0.png
-65.9884,18.425242,247,CENTROS DE DIÁLISIS,FMC Carolina Dialysis Center,18.425242000000001,-65.988399999999999,./0.png
-65.980156,18.418721,248,CENTROS DE SALUD PRIMARIA,HealthproMed - Carolina,18.418721000000001,-65.980155999999994,./0.png
-65.97516,18.25784,249,CDT/CENTROS DE SALUD PRIMARIA,"NeoMed Center, Inc. (Gurabo)",18.257840000000002,-65.975160000000002,./0.png
-65.9742,18.3881,250,CENTROS DE DIÁLISIS,The Renal Centre of Carolina,18.388100000000001,-65.974199999999996,./0.png
-65.971899,18.38847,251,HOSPITALES,Hospital UPR de Carolina Dr. Federico Trilla,18.388470000000002,-65.971898999999993,./0.png
-65.96412,18.18504,252,CENTROS DE SALUD PRIMARIA,COSSMA (Centro Ryder San Lorenzo),18.185040000000001,-65.964119999999994,./0.png
-65.955714,18.38033,253,HOSPITALES,Doctors Center Hospital San Fernando de Carolina,18.380330000000001,-65.955714000000000,./0.png
-65.93275,18.37399,254,CENTROS DE DIAGNÓSTICO Y TRATAMIENTO (CDT),Policlínica Dr. Salvador Ribot Ruiz,18.373989999999999,-65.932749999999999,./0.png
-65.9323,18.3768,255,CENTROS DE DIAGNÓSTICO Y TRATAMIENTO (CDT),CDT Metro Pavía Clinic Carolina,18.376799999999999,-65.932299999999998,./0.png
-65.92009,18.23003,256,CENTROS DE DIAGNÓSTICO Y TRATAMIENTO (CDT),CDT Dr. Cesar Augusto Collazo - Juncos,18.230029999999999,-65.920090000000002,./0.png
-65.917339,18.225363,257,CENTROS DE SALUD PRIMARIA,"NeoMed Center, Inc. - Juncos",18.225363000000002,-65.917338999999998,./0.png
-65.905,18.232,258,CENTROS DE DIÁLISIS,The Renal Centre of Juncos,18.231999999999999,-65.905000000000001,./0.png
-65.90047,18.00628,259,CENTROS DE DIAGNÓSTICO Y TRATAMIENTO (CDT),Centro de Salud Familiar de Maunabo,18.006280000000000,-65.900469999999999,./0.png
-65.89825,18.37785,260,CENTROS DE DIAGNÓSTICO Y TRATAMIENTO (CDT),CDT de Canóvanas,18.377849999999999,-65.898250000000004,./0.png
-65.898071,18.005896,261,CENTROS DE SALUD PRIMARIA,CSPS Patillas - Maunabo,18.005896000000000,-65.898071000000002,./0.png
-65.88002,18.42723,262,SALA DE EMERGENCIA/URGENCIA,"Concilio de Salud Integral de Loíza, Inc.",18.427230000000002,-65.880020000000002,./0.png
-65.88002,18.42723,263,CDT/CENTROS DE SALUD PRIMARIA,"Concilio de Salud Integral de Loíza, Inc.",18.427230000000002,-65.880020000000002,./0.png
-65.879946,18.049117,264,CENTROS DE SALUD PRIMARIA,"COSSMA, Inc. - Yabucoa",18.049116999999999,-65.879946000000004,./0.png
-65.8798,18.1714,265,CENTROS DE DIÁLISIS,FMC Las Piedras,18.171399999999998,-65.879800000000003,./0.png
-65.875,18.045,266,CENTROS DE DIAGNÓSTICO Y TRATAMIENTO (CDT),Centro de Salud Familiar Menonita de Yabucoa,18.045000000000002,-65.875000000000000,./0.png
-65.8739,18.37766,267,CENTROS DE DIÁLISIS,FMC Canóvanas,18.377659999999999,-65.873900000000006,./0.png
-65.87247,18.18273,268,CENTROS DE DIAGNÓSTICO Y TRATAMIENTO (CDT),CDT Las Piedras,18.182729999999999,-65.872470000000007,./0.png
-65.87247,18.18273,269,CENTROS DE DIAGNÓSTICO Y TRATAMIENTO (CDT),Centro Médico Las Piedras,18.182729999999999,-65.872470000000007,./0.png
-65.871834,18.17799,270,CDT/CENTROS DE SALUD PRIMARIA,"COSSMA, Inc. - Las Piedras",18.177990000000001,-65.871834000000007,./0.png
-65.8375,18.376974,271,CENTROS DE DIÁLISIS,FMC Río Grande,18.376974000000001,-65.837500000000006,./0.png
-65.83579,18.37884,272,CENTROS DE DIAGNÓSTICO Y TRATAMIENTO (CDT),Centro de Diagnóstico y Tratamiento - Río Grande (Caribbean Medical Center),18.378840000000000,-65.835790000000003,./0.png
-65.835047,18.15613,273,HOSPITALES,Hospital Ryder Memorial,18.156130000000001,-65.835047000000003,./0.png
-65.834084,18.15291,274,HOSPITALES,Hospital Menonita de Humacao,18.152909999999999,-65.834084000000004,./0.png
-65.826674,18.15061,275,HOSPITALES,Hospital HIMA Humacao,18.150610000000000,-65.826673999999997,./0.png
-65.82356,18.14751,276,CENTROS DE DIAGNÓSTICO Y TRATAMIENTO (CDT),Centro de Diagnóstico y Tratamiento Dr. Jorge Franceschi,18.147510000000000,-65.823560000000001,./0.png
-65.822275,18.145269,277,CENTROS DE SALUD PRIMARIA,"COSSMA, Inc. - Humacao",18.145268999999999,-65.822275000000005,./0.png
-65.8004,18.1467,278,CENTROS DE DIÁLISIS,FMC Humacao Dialysis Center,18.146699999999999,-65.800399999999996,./0.png
-65.764183,18.38107,279,CENTROS DE SALUD PRIMARIA,CSILO - Río Grande,18.381070000000001,-65.764183000000003,./0.png
-65.741,18.214,280,CENTROS DE DIAGNÓSTICO Y TRATAMIENTO (CDT),Naguabo Medical Mall (CDT Naguabo),18.213999999999999,-65.741000000000000,./0.png
-65.725011,18.370058,281,CENTROS DE SALUD PRIMARIA,CSILO - Luquillo,18.370058000000000,-65.725010999999995,./0.png
-65.720825,18.380371,282,CENTROS DE SALUD PRIMARIA,Concilio de Salud Integral Clínica Salud Familiar - Luquillo,18.380371000000000,-65.720825000000005,./0.png
-65.716808,18.374238,283,CENTROS DE DIAGNÓSTICO Y TRATAMIENTO (CDT),Luquillo Medical Services,18.374237999999998,-65.716808000000000,./0.png
-65.6532,18.335634,284,CENTROS DE DIÁLISIS,The Renal Centre of Fajardo,18.335633999999999,-65.653199999999998,./0.png
-65.650074,18.33209,285,HOSPITALES,Caribbean Medical Center,18.332090000000001,-65.650074000000004,./0.png
-65.475812,18.097477,286,CENTROS DE SALUD PRIMARIA,HealthproMed - Vieques,18.097477000000001,-65.475812000000005,./0.png
-65.44,18.142,287,CENTROS DE DIAGNÓSTICO Y TRATAMIENTO (CDT),CDT Susana Centeno,18.141999999999999,-65.439999999999998,./0.png
-65.44,18.142,288,CENTROS DE DIÁLISIS,FMC Vieques,18.141999999999999,-65.439999999999998,./0.png
-65.30346,18.30286,289,CENTROS DE DIAGNÓSTICO Y TRATAMIENTO (CDT),Centro de Salud Familiar Menonita de Culebra,18.302859999999999,-65.303460000000001,./0.png
-65.288659,18.319775,290,CENTROS DE SALUD PRIMARIA,HealthproMed - Culebra,18.319775000000000,-65.288658999999996,./0.png
-67.0379062416695,18.0982750360885,291,CENTROS DE DIÁLISIS,The Renal Centre of San Germán,18.084782000000001,-63.031599999999997,./0.png
